AU06_r,AU12_r
1.23038650319,1.50576293666
0.0969468474748,0.121518453708
2.09368147163,2.72428606094
1.03063154156,0.47181908731
0.309656509784,0.895890146041
