duchenne,neutral,strong duchenne,6 only,polite
0.19395919008,0.161082775677,0.057241717369,0.26098547034,0.326730846534
0.0229307113374,0.799289793514,0.0113672824427,0.0551673930336,0.111244819673
