duchenne,neutral,strong duchenne,6 only,polite
0.0241597940378,0.785430548682,0.00954440063877,0.066427541343,0.114437715299
0.21324994203,0.148084277429,0.0626221357589,0.250388656796,0.325654987986
